datetime,CO2,T,solrad,Tout,occ,dpos,vpos
2018-04-04 08:00:00,615.520009358724,294.72272737676445,364.3733317057292,284.15,14.533333333333333,0.0,13.165266241346087
2018-04-04 08:30:00,888.8685738699777,294.0166667938232,396.05332946777344,283.65,18.7,0.0,19.396681455465462
2018-04-04 09:00:00,1168.7314278738838,294.5833330790202,112.35999806722005,282.65,19.7,0.0,1.9607843160629272
2018-04-04 09:30:00,1311.0399932861328,295.129999923706,95.68000030517578,282.65,20.033333333333335,0.0,1.9607843160629272
2018-04-04 10:00:00,990.719988141741,294.1018518801088,194.32000223795572,282.65,40.266666666666666,0.0,29.575163662433624
2018-04-04 10:30:00,1457.645717075893,295.25000010899134,65.33333333333333,282.65,39.43333333333333,0.0,7.385620931784312
2018-04-04 11:00:00,1709.2266642252605,295.8099998474121,80.34666442871094,282.15,40.1,0.0,7.385620931784312
2018-04-04 11:30:00,1906.5599975585938,296.24999990463255,82.02666727701823,282.15,36.56666666666667,0.0,7.385620931784312
2018-04-04 12:00:00,1315.7415583683894,295.40882350697234,87.68000030517578,283.65,33.733333333333334,0.0,3.529411768913269
2018-04-04 12:30:00,1524.3733520507812,296.75000010899134,190.34666442871094,283.65,34.7,0.0,3.529411768913269
2018-04-04 13:00:00,1516.0888807508682,296.4499999182565,188.7199961344401,283.65,32.0,0.0,3.529411768913269
2018-04-04 13:30:00,1845.394287109375,297.65,275.0933329264323,283.65,29.966666666666665,0.0,3.529411768913269
2018-04-04 14:00:00,1300.693339029948,296.1152173415474,370.02667236328125,284.65,23.933333333333334,0.0,3.529411768913269
2018-04-04 14:30:00,1060.400016784668,297.3500000293438,263.67999267578125,284.65,26.233333333333334,0.0,3.529411768913269
2018-04-04 15:00:00,1476.5714460100446,298.04999993642167,98.0,284.65,26.233333333333334,0.0,3.529411768913269
2018-04-04 15:30:00,1607.4666544596355,298.4499998728434,45.0,283.65,8.666666666666666,0.0,3.529411768913269
2018-04-04 16:00:00,1213.4400177001953,298.2249998092651,11.0,282.65,0.0,0.0,3.529411768913269
2018-04-04 16:30:00,848.9600016276041,297.85000012715653,5.5,282.65,0.0,0.0,3.529411768913269
2018-04-04 17:00:00,741.8514229910714,297.5999998092651,5.5,281.54999961853025,0.0,0.0,3.529411768913269
2018-04-04 17:30:00,674.4320068359375,297.35000012715653,5.5,280.54999961853025,0.0,0.0,3.529411768913269
2018-04-04 18:00:00,629.5771484375,297.15,5.5,279.54999961853025,0.0,0.0,3.529411768913269
2018-04-04 18:30:00,574.7200012207031,296.5071428571428,5.5,281.04999961853025,0.3,45.09803771972656,3.529411768913269
2018-04-04 19:00:00,502.34666442871094,296.0000000635783,5.5,282.54999961853025,0.0,19.60784339904785,3.529411768913269
2018-04-04 19:30:00,491.0400034586589,296.4499998728434,5.5,282.54999961853025,0.0,19.60784339904785,3.529411768913269
2018-04-04 20:00:00,492.0533396402995,296.65,5.5,281.54999961853025,0.0,19.60784339904785,3.529411768913269
2018-04-04 20:30:00,504.1599985758464,296.65,5.5,281.54999961853025,0.0,19.60784339904785,3.529411768913269
2018-04-04 21:00:00,512.5333404541016,296.7500003814697,5.5,281.54999961853025,0.0,19.60784339904785,3.529411768913269
2018-04-04 21:30:00,535.6159912109375,296.65,5.5,280.54999961853025,0.0,19.60784339904785,3.529411768913269
2018-04-04 22:00:00,540.3733418782552,296.65,5.5,279.04999961853025,0.0,19.60784339904785,3.529411768913269
2018-04-04 22:30:00,559.5999908447266,296.65,5.5,279.04999961853025,0.0,19.60784339904785,3.529411768913269
2018-04-04 23:00:00,600.0,296.65,5.5,279.04999961853025,0.0,45.09803771972656,3.529411768913269
2018-04-04 23:30:00,606.7733256022135,296.65,5.5,278.0449999809265,0.0,45.09803771972656,3.529411768913269
2018-04-05 00:00:00,538.6666666666666,296.65,5.5,278.0449999809265,0.9666666666666667,45.09803771972656,3.529411768913269
2018-04-05 00:30:00,585.8133239746094,296.65,5.5,278.0449999809265,0.3,45.09803771972656,3.529411768913269
2018-04-05 01:00:00,692.1066589355469,296.54999961853025,5.5,279.04999961853025,0.0,0.0,3.529411768913269
2018-04-05 01:30:00,568.4114292689732,296.54999961853025,5.5,279.04999961853025,0.0,0.0,3.529411768913269
2018-04-05 02:00:00,526.9866739908854,296.4499992370605,5.5,278.0449999809265,0.0,0.0,3.529411768913269
2018-04-05 02:30:00,512.1600036621094,296.4499992370605,5.5,278.0449999809265,0.0,0.0,3.529411768913269
2018-04-05 03:00:00,497.17332967122394,296.35000076293943,5.5,277.54000034332273,0.0,0.0,3.529411768913269
2018-04-05 03:30:00,498.1866709391276,296.35000076293943,5.5,277.54000034332273,0.0,0.0,3.529411768913269
2018-04-05 04:00:00,482.55999755859375,296.35000076293943,5.5,278.54999961853025,0.0,0.0,3.529411768913269
2018-04-05 04:30:00,486.91199951171876,296.20000019073484,5.5,278.0449999809265,0.03333333333333333,0.0,3.529411768913269
2018-04-05 05:00:00,491.6266682942708,296.05000025431315,5.5,278.0449999809265,1.0333333333333334,19.60784339904785,3.529411768913269
2018-04-05 05:30:00,479.87200317382815,295.54999961853025,8.5,277.54000034332273,1.9333333333333333,19.60784339904785,3.529411768913269
2018-04-05 06:00:00,509.22666931152344,295.35000012715653,28.0,278.54999961853025,16.2,19.60784339904785,3.529411768913269
2018-04-05 06:30:00,657.0880126953125,295.04999961853025,185.04000091552734,280.04999961853025,26.0,45.09803771972656,3.529411768913269
2018-04-05 07:00:00,646.1866658528646,295.15,41.333333333333336,281.54999961853025,26.3,45.09803771972656,3.529411768913269
2018-04-05 07:30:00,644.0,294.8928569793701,71.0,280.54999961853025,23.633333333333333,45.09803771972656,3.529411768913269
2018-04-05 08:00:00,571.3600056966146,294.8499998092651,86.02666727701823,281.54999961853025,0.8333333333333334,45.09803771972656,3.529411768913269
2018-04-05 08:30:00,486.5066680908203,294.7500003814697,179.35999806722006,282.54999961853025,1.1333333333333333,9.803921699523926,3.529411768913269
2018-04-05 09:00:00,491.3280029296875,294.7500003814697,238.98666381835938,283.54999961853025,5.9,19.60784339904785,3.529411768913269
2018-04-05 09:30:00,574.826670328776,295.0999998092651,166.0133310953776,283.54999961853025,7.6,45.09803771972656,3.529411768913269
2018-04-05 10:00:00,565.3866678873698,295.1833334604899,24.333333333333332,281.9,3.8,45.09803771972656,3.529411768913269
2018-04-05 10:30:00,534.5371355329241,295.20000019073484,9.333333333333334,281.15,4.633333333333334,45.09803771972656,3.529411768913269
2018-04-05 11:00:00,496.8000030517578,295.2500003814697,29.666666666666668,281.15,4.833333333333333,19.60784339904785,3.529411768913269
2018-04-05 11:30:00,496.2133331298828,295.4499998728434,97.34666697184245,281.15,4.0,19.60784339904785,3.529411768913269
2018-04-05 12:00:00,502.40000406901044,295.67000007629395,76.66666666666667,281.15,3.9,19.60784339904785,3.529411768913269
2018-04-05 12:30:00,499.2000020345052,295.70000019073484,50.5,281.15,3.7666666666666666,19.60784339904785,3.529411768913269
2018-04-05 13:00:00,495.52000427246094,295.62499990463255,48.333333333333336,279.54999961853025,3.8,19.60784339904785,3.529411768913269
2018-04-05 13:30:00,499.07200317382814,295.80000057220457,16.5,279.54999961853025,2.2333333333333334,19.60784339904785,3.529411768913269
2018-04-05 14:00:00,492.2880004882812,295.62499990463255,9.666666666666666,279.38333295186357,2.0,19.60784339904785,3.529411768913269
2018-04-05 14:30:00,494.55999755859375,295.9,3.0,279.38333295186357,0.9333333333333333,19.60784339904785,3.529411768913269
2018-04-05 15:00:00,494.5280029296875,296.04999961853025,0.0,278.04000034332273,0.0,0.0,3.529411768913269
2018-04-05 15:30:00,502.55999755859375,296.15,18.666666666666668,277.04000034332273,0.0,0.0,3.529411768913269
2018-04-05 16:00:00,495.4880004882813,296.2500003814697,39.333333333333336,277.04000034332273,0.0,0.0,3.529411768913269
2018-04-05 16:30:00,496.25599365234376,296.4,50.333333333333336,277.04000034332273,0.0,0.0,3.529411768913269
2018-04-05 17:00:00,490.11199951171875,296.65,16.666666666666668,275.95000019073484,0.0,0.0,3.529411768913269
2018-04-05 17:30:00,484.2133331298828,296.85000076293943,16.666666666666668,276.3974999427795,0.0,0.0,3.529411768913269
2018-04-05 18:00:00,487.36000061035156,296.7500003814697,16.666666666666668,274.8499998092651,0.0,0.0,3.529411768913269
2018-04-05 18:30:00,482.4533284505208,296.65,16.666666666666668,274.8499998092651,0.0,0.0,3.529411768913269
2018-04-05 19:00:00,479.36000061035156,296.54999961853025,16.666666666666668,274.8499998092651,0.0,0.0,3.529411768913269
2018-04-05 19:30:00,476.9066670735677,296.03333320617674,16.666666666666668,273.8499998092651,0.6666666666666666,19.60784339904785,3.529411768913269
2018-04-05 20:00:00,489.97332763671875,296.025,16.666666666666668,273.8499998092651,1.0,19.60784339904785,3.529411768913269
2018-04-05 20:30:00,474.0799967447917,296.35000076293943,16.666666666666668,273.8499998092651,1.0,19.60784339904785,3.529411768913269
2018-04-05 21:00:00,489.0240051269531,296.2500003814697,16.666666666666668,273.8499998092651,1.0,19.60784339904785,3.529411768913269
2018-04-05 21:30:00,504.26666259765625,296.2500003814697,16.666666666666668,273.8499998092651,0.36666666666666664,19.60784339904785,3.529411768913269
2018-04-05 22:00:00,511.3600107828776,296.2500003814697,16.666666666666668,273.8499998092651,0.0,19.60784339904785,3.529411768913269
2018-04-05 22:30:00,489.8666687011719,296.2500003814697,16.666666666666668,273.8499998092651,0.0,19.60784339904785,3.529411768913269
2018-04-05 23:00:00,501.65333048502606,296.2500003814697,16.666666666666668,273.8499998092651,0.0,19.60784339904785,3.529411768913269
2018-04-05 23:30:00,526.0800069173177,296.2500003814697,16.666666666666668,273.8499998092651,0.0,19.60784339904785,3.529411768913269
2018-04-06 00:00:00,541.653330485026,296.2500003814697,16.666666666666668,272.74999990463255,0.26666666666666666,19.60784339904785,3.529411768913269
2018-04-06 00:30:00,507.20001220703125,296.2500003814697,16.666666666666668,272.74999990463255,0.0,19.60784339904785,3.529411768913269
2018-04-06 01:00:00,481.6,296.15,16.666666666666668,272.74999990463255,0.0,0.0,3.529411768913269
2018-04-06 01:30:00,544.1600036621094,296.15,16.666666666666668,272.74999990463255,0.0,0.0,3.529411768913269
2018-04-06 02:00:00,548.1600036621094,296.04999961853025,16.666666666666668,272.74999990463255,0.0,0.0,3.529411768913269
2018-04-06 02:30:00,535.0399983723959,296.04999961853025,16.666666666666668,272.74999990463255,0.0,0.0,3.529411768913269
2018-04-06 03:00:00,544.0533345540365,295.9499992370605,16.666666666666668,272.74999990463255,0.0,0.0,3.529411768913269
2018-04-06 03:30:00,529.3866577148438,295.9499992370605,16.666666666666668,272.74999990463255,0.0,0.0,3.529411768913269
2018-04-06 04:00:00,498.346674601237,295.9499992370605,16.666666666666668,273.74999990463255,1.1333333333333333,19.60784339904785,3.529411768913269
2018-04-06 04:30:00,517.17333984375,295.7500003814697,16.666666666666668,273.1000000476837,1.2333333333333334,19.60784339904785,3.529411768913269
2018-04-06 05:00:00,491.36000061035156,295.7500003814697,16.666666666666668,273.1000000476837,1.0,0.0,3.529411768913269
2018-04-06 05:30:00,484.2133331298828,295.7500003814697,47.0,275.15,1.0,0.0,3.529411768913269
2018-04-06 06:00:00,480.5333302815755,295.775,116.02666727701823,277.65,1.0,0.0,3.529411768913269
2018-04-06 06:30:00,484.41599731445314,295.65,172.05332946777344,279.65,1.0,0.0,3.529411768913269
2018-04-06 07:00:00,488.26666259765625,295.4166667302449,254.95999908447266,281.65,1.2666666666666666,0.0,3.529411768913269
2018-04-06 07:30:00,508.6933339436849,295.5833330790202,330.6666666666667,283.0999998092651,10.266666666666667,19.60784339904785,3.529411768913269
2018-04-06 08:00:00,678.9333292643229,295.95000019073484,410.9866638183594,284.21666628519694,26.566666666666666,45.09803771972656,3.529411768913269
2018-04-06 08:30:00,663.7866617838541,295.7899997711181,493.59999084472656,284.04999961853025,26.166666666666668,45.09803771972656,3.529411768913269
2018-04-06 09:00:00,607.3599955240885,295.81666666666666,555.52001953125,285.54999961853025,27.9,45.09803771972656,3.529411768913269
2018-04-06 09:30:00,613.5466613769531,295.9,589.0133260091146,285.54999961853025,24.8,45.09803771972656,3.529411768913269
2018-04-06 10:00:00,672.4571533203125,296.04999961853025,597.9733479817709,285.04999961853025,24.233333333333334,45.09803771972656,3.529411768913269
2018-04-06 10:30:00,629.5466613769531,296.15,628.0,285.04999961853025,26.6,45.09803771972656,3.529411768913269
2018-04-06 11:00:00,678.7200073242187,295.4409091602672,645.1199951171875,284.04999961853025,21.966666666666665,45.09803771972656,3.529411768913269
2018-04-06 11:30:00,650.9866536458334,294.5166667938232,627.9466552734375,282.54999961853025,21.133333333333333,45.09803771972656,3.529411768913269
2018-04-06 12:00:00,586.8800048828125,295.23571434020994,619.52001953125,282.54999961853025,3.966666666666667,45.09803771972656,3.529411768913269
2018-04-06 12:30:00,493.247998046875,295.65,579.413330078125,282.54999961853025,0.2,19.60784339904785,3.529411768913269
2018-04-06 13:00:00,477.17332967122394,295.4999994277954,559.0399983723959,283.54999961853025,0.0,0.0,3.529411768913269
2018-04-06 13:30:00,480.53333536783856,295.65,476.4800109863281,283.54999961853025,0.0,0.0,3.529411768913269
2018-04-06 14:00:00,475.8399963378906,295.4999994277954,441.3866678873698,283.54999961853025,0.03333333333333333,0.0,3.529411768913269
2018-04-06 14:30:00,478.3999989827474,295.4999994277954,295.3599904378255,283.54999961853025,0.0,0.0,3.529411768913269
2018-04-06 15:00:00,474.4320007324219,295.4999994277954,257.99999237060547,283.04999961853025,0.0,0.0,3.529411768913269
2018-04-06 15:30:00,474.6666717529297,296.04999999999995,207.73333231608072,282.78333352406815,0.0,0.0,3.529411768913269
2018-04-06 16:00:00,473.8666687011719,296.6833334604899,155.35999552408853,282.78333352406815,0.0,0.0,3.529411768913269
2018-04-06 16:30:00,476.85333251953125,296.6833334604899,63.346666971842446,282.78333352406815,0.0,0.0,3.529411768913269
2018-04-06 17:00:00,480.07999420166016,296.80000057220457,8.5,281.3499998092651,0.0,0.0,3.529411768913269
2018-04-06 17:30:00,486.65599365234374,296.70000019073484,8.5,280.3499998092651,0.0,0.0,3.529411768913269
2018-04-06 18:00:00,489.66400146484375,296.4,8.5,278.8499998092651,0.0,0.0,3.529411768913269
2018-04-06 18:30:00,500.53333536783856,296.30000057220457,8.5,278.8499998092651,0.0,0.0,3.529411768913269
2018-04-06 19:00:00,479.8400065104167,296.30000057220457,8.5,277.2500003814697,0.0,0.0,3.529411768913269
2018-04-06 19:30:00,480.4266662597656,296.15,8.5,277.2500003814697,0.16666666666666666,0.0,3.529411768913269
2018-04-06 20:00:00,522.7200063069662,295.9,8.5,277.2500003814697,0.0,19.60784339904785,3.529411768913269
2018-04-06 20:30:00,553.3866780598959,296.0999998092651,8.5,276.2500003814697,0.0,19.60784339904785,3.529411768913269
2018-04-06 21:00:00,576.0639892578125,296.0999998092651,8.5,276.2500003814697,0.0,19.60784339904785,3.529411768913269
2018-04-06 21:30:00,595.5199991861979,296.2500003814697,8.5,276.2500003814697,0.0,45.09803771972656,3.529411768913269
2018-04-06 22:00:00,610.240000406901,296.2500003814697,8.5,276.2500003814697,0.0,45.09803771972656,3.529411768913269
2018-04-06 22:30:00,634.5066630045573,296.2500003814697,8.5,276.2500003814697,0.0,45.09803771972656,3.529411768913269
2018-04-06 23:00:00,643.2533467610677,296.2500003814697,8.5,276.2500003814697,0.0,45.09803771972656,3.529411768913269
2018-04-06 23:30:00,653.1199951171875,296.2500003814697,8.5,276.2500003814697,0.0,45.09803771972656,3.529411768913269
2018-04-07 00:00:00,629.7066752115885,296.2500003814697,8.5,276.2500003814697,0.43333333333333335,45.09803771972656,3.529411768913269
2018-04-07 00:30:00,610.4533284505209,296.2500003814697,8.5,275.24999990463255,0.0,45.09803771972656,3.529411768913269
2018-04-07 01:00:00,582.0266621907552,296.2500003814697,8.5,275.24999990463255,0.0,0.0,3.529411768913269
2018-04-07 01:30:00,558.82666015625,296.15,8.5,275.24999990463255,0.0,0.0,3.529411768913269
2018-04-07 02:00:00,546.5066630045573,296.15,8.5,275.24999990463255,0.0,0.0,3.529411768913269
2018-04-07 02:30:00,531.0400085449219,296.04999961853025,8.5,274.24999990463255,0.0,0.0,3.529411768913269
2018-04-07 03:00:00,513.3333333333334,296.04999961853025,8.5,274.24999990463255,0.0,0.0,3.529411768913269
2018-04-07 03:30:00,490.7200063069661,296.04999961853025,8.5,274.24999990463255,0.0,0.0,3.529411768913269
2018-04-07 04:00:00,498.82667032877606,295.9499992370605,8.5,275.24999990463255,0.13333333333333333,0.0,3.529411768913269
2018-04-07 04:30:00,515.9999949137369,295.9499992370605,8.5,275.24999990463255,0.06666666666666667,19.60784339904785,3.529411768913269
2018-04-07 05:00:00,509.3333384195964,295.9499992370605,8.5,275.24999990463255,0.0,0.0,3.529411768913269
2018-04-07 05:30:00,499.94666544596356,295.9499992370605,25.5,276.2500003814697,0.0,0.0,3.529411768913269
2018-04-07 06:00:00,498.18666585286456,296.04999961853025,86.0,277.7500003814697,0.0,0.0,3.529411768913269
2018-04-07 06:30:00,492.53333536783856,296.04999961853025,140.02666219075522,279.2500003814697,0.0,0.0,3.529411768913269
2018-04-07 07:00:00,495.89333089192706,296.04999961853025,173.67999776204428,280.2500003814697,0.0,0.0,3.529411768913269
2018-04-07 07:30:00,499.0933329264323,296.15,327.36000061035156,282.2500003814697,0.0,0.0,3.529411768913269
2018-04-07 08:00:00,507.2640075683594,296.2500003814697,372.0,282.2500003814697,0.8666666666666667,0.0,3.529411768913269
2018-04-07 08:30:00,530.5066630045573,296.4,461.75998942057294,284.2500003814697,2.2333333333333334,19.60784339904785,3.529411768913269
2018-04-07 09:00:00,590.9485735212054,296.4999994277954,525.0133361816406,284.2500003814697,27.733333333333334,45.09803771972656,3.529411768913269
2018-04-07 09:30:00,851.1085728236607,296.7500003814697,504.7466634114583,284.9166670481364,39.233333333333334,85.09803771972656,3.529411768913269
2018-04-07 10:00:00,975.2799987792969,296.42142851693285,628.0,285.85000012715653,41.36666666666667,85.09803771972656,3.529411768913269
2018-04-07 10:30:00,908.7999979654948,295.65,496.00001525878906,285.15,40.766666666666666,70.19607543945312,3.529411768913269
2018-04-07 11:00:00,755.5840087890625,295.8500002861023,558.6133422851562,285.15,39.833333333333336,70.19607543945312,3.529411768913269
2018-04-07 11:30:00,768.3199971516927,296.17499961853025,544.000010172526,284.15,39.36666666666667,70.19607543945312,3.529411768913269
2018-04-07 12:00:00,690.1485682896206,296.24999990463255,585.0666707356771,285.15,39.4,45.09803771972656,3.529411768913269
2018-04-07 12:30:00,642.0266825358073,296.49999990463255,533.1199951171875,285.15,40.266666666666666,45.09803771972656,3.529411768913269
2018-04-07 13:00:00,654.1333211263021,297.01000022888184,472.7466634114583,285.15,39.6,45.09803771972656,3.529411768913269
2018-04-07 13:30:00,644.0,296.71666660308836,442.9866638183594,285.15,38.13333333333333,45.09803771972656,3.529411768913269
2018-04-07 14:00:00,693.8514229910714,296.6250003814697,381.3333333333333,285.15,1.0333333333333334,57.647056579589844,3.529411768913269
2018-04-07 14:30:00,511.0399932861328,297.0833330790202,319.5199890136719,285.15,0.0,9.803921699523926,3.529411768913269
2018-04-07 15:00:00,488.6933339436849,297.4499998728434,272.0,285.15,0.0,9.803921699523926,3.529411768913269
2018-04-07 15:30:00,482.02666727701825,298.04999999999995,179.35999552408853,285.15,0.0,9.803921699523926,3.529411768913269
2018-04-07 16:00:00,485.65333048502606,298.54999961853025,142.05333201090494,285.15,0.0,9.803921699523926,3.529411768913269
2018-04-07 16:30:00,488.3733317057292,298.4499992370605,72.68000030517578,285.15,0.4,19.60784339904785,3.529411768913269
2018-04-07 17:00:00,496.0639953613281,297.95000005449566,17.0,283.65,1.0,19.60784339904785,3.529411768913269
2018-04-07 17:30:00,497.36000061035156,298.15,0.0,282.04999961853025,1.0,19.60784339904785,3.529411768913269
2018-04-07 18:00:00,505.08800048828124,297.9999994277954,0.0,280.54999961853025,1.0,19.60784339904785,3.529411768913269
2018-04-07 18:30:00,523.7333272298177,297.80000057220457,0.0,280.54999961853025,1.0,19.60784339904785,3.529411768913269
2018-04-07 19:00:00,528.2666727701823,297.65,0.0,279.04999961853025,0.7666666666666667,19.60784339904785,3.529411768913269
2018-04-07 19:30:00,528.639990234375,297.54999961853025,0.0,279.04999961853025,0.6,19.60784339904785,3.529411768913269
2018-04-07 20:00:00,533.5466613769531,297.4,0.0,279.04999961853025,1.0,19.60784339904785,3.529411768913269
2018-04-07 20:30:00,520.6933288574219,297.4,0.0,279.04999961853025,0.5666666666666667,19.60784339904785,3.529411768913269
2018-04-07 21:00:00,524.5333455403646,297.2500003814697,0.0,279.04999961853025,0.03333333333333333,19.60784339904785,3.529411768913269
2018-04-07 21:30:00,489.3440002441406,297.15,0.0,278.04000034332273,0.0,19.60784339904785,3.529411768913269
2018-04-07 22:00:00,486.5066680908203,297.15,0.0,278.04000034332273,0.0,19.60784339904785,3.529411768913269
2018-04-07 22:30:00,478.2719970703125,297.04999961853025,0.0,277.04000034332273,0.0,19.60784339904785,3.529411768913269
2018-04-07 23:00:00,485.173334757487,297.04999961853025,0.0,277.04000034332273,0.6333333333333333,19.60784339904785,3.529411768913269
2018-04-07 23:30:00,536.3733317057291,296.9499992370605,0.0,277.04000034332273,0.06666666666666667,45.09803771972656,3.529411768913269
2018-04-08 00:00:00,495.8399963378906,296.9499992370605,0.0,275.95000019073484,0.0,9.803921699523926,3.529411768913269
2018-04-08 00:30:00,473.4933319091797,296.85000076293943,0.0,275.95000019073484,0.0,9.803921699523926,3.529411768913269
2018-04-08 01:00:00,488.05333455403644,296.7500003814697,0.0,275.95000019073484,0.0,9.803921699523926,3.529411768913269
2018-04-08 01:30:00,470.6666666666667,296.7500003814697,0.0,275.95000019073484,0.0,9.803921699523926,3.529411768913269
2018-04-08 02:00:00,470.56000264485675,296.65,0.0,275.95000019073484,0.0,9.803921699523926,3.529411768913269
2018-04-08 02:30:00,465.4720031738281,296.65,0.0,275.95000019073484,0.0,9.803921699523926,3.529411768913269
2018-04-08 03:00:00,462.5066680908203,296.65,0.0,274.95000019073484,0.0,9.803921699523926,3.529411768913269
2018-04-08 03:30:00,465.7066650390625,296.54999961853025,0.0,274.95000019073484,0.0,9.803921699523926,3.529411768913269
2018-04-08 04:00:00,472.10666910807294,296.54999961853025,0.0,274.95000019073484,0.03333333333333333,9.803921699523926,3.529411768913269
2018-04-08 04:30:00,466.0266621907552,296.54999961853025,0.0,275.95000019073484,0.0,9.803921699523926,3.529411768913269
2018-04-08 05:00:00,472.1599985758464,296.54999961853025,6.0,276.95000019073484,0.0,9.803921699523926,3.529411768913269
2018-04-08 05:30:00,502.02667236328125,296.54999961853025,37.333333333333336,278.95000019073484,0.0,9.803921699523926,3.529411768913269
2018-04-08 06:00:00,502.8800048828125,296.54999961853025,112.34666442871094,281.45000019073484,0.0,9.803921699523926,3.529411768913269
2018-04-08 06:30:00,497.17332967122394,296.54999961853025,173.7066650390625,285.0099998474121,0.0,9.803921699523926,3.529411768913269
2018-04-08 07:00:00,496.0,296.5999998092651,242.9866689046224,288.04999961853025,0.0,9.803921699523926,3.529411768913269
2018-04-08 07:30:00,498.43199462890624,296.65,314.0799967447917,290.04999961853025,0.0,9.803921699523926,3.529411768913269
2018-04-08 08:00:00,499.52000122070314,296.65,403.7333272298177,291.54999961853025,0.0,9.803921699523926,3.529411768913269
2018-04-08 08:30:00,499.14666748046875,296.65,484.05332438151044,292.71666628519694,0.0,9.803921699523926,3.529411768913269
2018-04-08 09:00:00,498.24000040690106,296.54999961853025,544.0,293.71666628519694,0.03333333333333333,9.803921699523926,3.529411768913269
2018-04-08 09:30:00,495.9360046386719,296.4499992370605,568.1066691080729,294.54999961853025,0.0,19.60784339904785,3.529411768913269
2018-04-08 10:00:00,506.6133321126302,296.81666666666666,589.0133260091146,295.04999961853025,0.03333333333333333,0.0,3.529411768913269
2018-04-08 10:30:00,598.4533182779948,297.04999961853025,603.6266682942709,294.38333295186357,0.0,0.0,3.529411768913269
2018-04-08 11:00:00,579.8933410644531,296.75,615.0400187174479,293.04999961853025,0.03333333333333333,45.09803771972656,3.529411768913269
2018-04-08 11:30:00,590.0266723632812,295.9833330154419,611.52001953125,292.04999961853025,0.0,0.0,3.529411768913269
2018-04-08 12:00:00,504.85333251953125,296.46428582327707,588.9599914550781,292.04999961853025,0.7333333333333333,19.60784339904785,3.529411768913269
2018-04-08 12:30:00,600.0,296.0875,583.0399780273438,292.04999961853025,1.0,45.09803771972656,3.529411768913269
2018-04-08 13:00:00,643.8933410644531,295.54999961853025,516.0533243815104,292.04999961853025,1.0,45.09803771972656,3.529411768913269
2018-04-08 13:30:00,605.4933369954427,295.85000076293943,468.63999938964844,292.04999961853025,1.0,45.09803771972656,3.529411768913269
2018-04-08 14:00:00,541.8666788736979,295.70000019073484,415.0399983723958,292.04999961853025,1.0,45.09803771972656,3.529411768913269
2018-04-08 14:30:00,524.7999877929688,295.5999998092651,293.73333231608075,292.04999961853025,1.0,45.09803771972656,3.529411768913269
2018-04-08 15:00:00,521.2160034179688,295.80000057220457,265.7066701253255,291.04999961853025,0.6,45.09803771972656,3.529411768913269
2018-04-08 15:30:00,480.9142848423549,296.65,183.03999837239584,290.04999961853025,0.0,19.60784339904785,3.529411768913269
2018-04-08 16:00:00,470.0266621907552,297.54999961853025,105.01333109537761,289.04999961853025,0.0,0.0,3.529411768913269
2018-04-08 16:30:00,465.9200032552083,297.9,67.5,288.04999961853025,0.0,0.0,3.529411768913269
2018-04-08 17:00:00,465.856005859375,297.9,24.333333333333332,288.04999961853025,0.0,0.0,3.529411768913269
2018-04-08 17:30:00,470.2719970703125,297.85000076293943,0.0,287.04999961853025,0.0,0.0,3.529411768913269
2018-04-08 18:00:00,464.85333760579425,297.70000019073484,0.0,286.04999961853025,0.0,0.0,3.529411768913269
2018-04-08 18:30:00,469.22666931152344,297.70000019073484,0.0,286.04999961853025,0.0,0.0,3.529411768913269
2018-04-08 19:00:00,479.4880004882813,297.54999961853025,0.0,285.04999961853025,0.0,0.0,3.529411768913269
2018-04-08 19:30:00,479.73333740234375,297.4499992370605,0.0,285.04999961853025,0.0,0.0,3.529411768913269
2018-04-08 20:00:00,469.173334757487,297.30000057220457,0.0,284.04999961853025,0.0,0.0,3.529411768913269
2018-04-08 20:30:00,471.4880004882813,297.15,0.0,284.04999961853025,0.0,0.0,3.529411768913269
2018-04-08 21:00:00,477.84000396728516,297.15,0.0,283.04999961853025,0.0,0.0,3.529411768913269
2018-04-08 21:30:00,473.8666687011719,297.04999961853025,0.0,282.04999961853025,0.0,0.0,3.529411768913269
2018-04-08 22:00:00,474.4960021972656,296.9499992370605,0.0,282.04999961853025,0.0,0.0,3.529411768913269
2018-04-08 22:30:00,470.0799987792969,296.9499992370605,0.0,282.04999961853025,0.0,0.0,3.529411768913269
2018-04-08 23:00:00,475.2533315022786,296.85000076293943,0.0,282.04999961853025,0.0,0.0,3.529411768913269
2018-04-08 23:30:00,470.0799987792969,296.85000076293943,0.0,282.04999961853025,0.0,0.0,3.529411768913269
2018-04-09 00:00:00,466.62400512695314,296.85000076293943,0.0,282.04999961853025,0.0,0.0,3.529411768913269
2018-04-09 00:30:00,467.1999938964844,296.85000076293943,0.0,282.04999961853025,0.0,0.0,3.529411768913269
2018-04-09 01:00:00,470.2720031738281,296.85000076293943,0.0,282.04999961853025,0.0,0.0,3.529411768913269
2018-04-09 01:30:00,475.12000274658203,296.85000076293943,0.0,282.04999961853025,0.0,0.0,3.529411768913269
2018-04-09 02:00:00,467.0399983723958,296.7500003814697,0.0,282.04999961853025,0.0,0.0,3.529411768913269
2018-04-09 02:30:00,469.0133361816406,296.7500003814697,0.0,282.04999961853025,0.0,0.0,3.529411768913269
2018-04-09 03:00:00,469.0133361816406,296.7500003814697,0.0,282.04999961853025,0.0,0.0,3.529411768913269
2018-04-09 03:30:00,465.8559997558594,296.7500003814697,0.0,282.04999961853025,0.0,0.0,3.529411768913269
2018-04-09 04:00:00,468.2880004882812,296.7500003814697,0.0,282.04999961853025,0.0,0.0,3.529411768913269
2018-04-09 04:30:00,461.0559997558594,296.65,0.0,283.04999961853025,0.7333333333333333,0.0,3.529411768913269
2018-04-09 05:00:00,463.6266632080078,296.4166664123535,6.0,282.04999961853025,0.9,19.60784339904785,3.529411768913269
2018-04-09 05:30:00,479.73333231608075,296.2166669209798,8.5,283.04999961853025,0.5666666666666667,0.0,3.529411768913269
2018-04-09 06:00:00,476.586664835612,296.5999998092651,33.666666666666664,284.04999961853025,1.0,0.0,3.529411768913269
2018-04-09 06:30:00,514.6666717529297,296.5999998092651,24.333333333333332,284.04999961853025,1.0666666666666667,0.0,3.529411768913269
2018-04-09 07:00:00,531.8400065104166,296.5833330790202,126.0,285.04999961853025,1.0333333333333334,0.0,3.529411768913269
2018-04-09 07:30:00,487.36000061035156,296.54999961853025,213.41333516438803,287.04999961853025,1.8333333333333333,19.60784339904785,3.529411768913269
2018-04-09 08:00:00,520.2133433024088,296.35000076293943,364.63999430338544,289.04999961853025,8.366666666666667,19.60784339904785,3.529411768913269
2018-04-09 08:30:00,592.3733418782552,296.61666653951005,435.67999267578125,290.04999961853025,8.6,45.09803771972656,3.529411768913269
2018-04-09 09:00:00,577.2266642252604,296.85000076293943,340.05332438151044,289.04999961853025,8.0,45.09803771972656,3.529411768913269
2018-04-09 09:30:00,556.1066691080729,296.7166669209798,318.0799967447917,288.54999961853025,8.166666666666666,45.09803771972656,3.529411768913269
2018-04-09 10:00:00,582.0800069173177,296.9,293.7066701253255,287.04999961853025,14.5,45.09803771972656,3.529411768913269
2018-04-09 10:30:00,655.3066711425781,297.0999998092651,258.0266621907552,287.04999961853025,19.033333333333335,45.09803771972656,3.529411768913269
2018-04-09 11:00:00,630.4533284505209,297.0999998092651,224.66666666666666,287.04999961853025,18.233333333333334,45.09803771972656,3.529411768913269
2018-04-09 11:30:00,614.4000122070313,297.2500003814697,392.586664835612,287.04999961853025,17.866666666666667,45.09803771972656,3.529411768913269
2018-04-09 12:00:00,612.864013671875,297.4250000953674,583.3600056966146,288.04999961853025,21.466666666666665,45.09803771972656,3.529411768913269
2018-04-09 12:30:00,601.3333333333334,297.65,628.0533243815104,288.04999961853025,20.2,45.09803771972656,3.529411768913269
2018-04-09 13:00:00,580.586680094401,297.85000012715653,313.9733378092448,287.04999961853025,18.566666666666666,45.09803771972656,3.529411768913269
2018-04-09 13:30:00,576.4480102539062,298.20000019073484,375.6800028483073,287.04999961853025,17.733333333333334,45.09803771972656,3.529411768913269
2018-04-09 14:00:00,567.5199991861979,298.5833330790202,381.1199951171875,287.04999961853025,14.466666666666667,45.09803771972656,3.529411768913269
2018-04-09 14:30:00,530.0266672770182,298.95000019073484,271.0400034586589,287.04999961853025,6.333333333333333,45.09803771972656,3.529411768913269
2018-04-09 15:00:00,507.3600107828776,299.04999961853025,179.73333231608072,285.9400009155273,0.0,9.803921699523926,3.529411768913269
2018-04-09 15:30:00,501.173334757487,298.70000019073484,89.68000030517578,285.9400009155273,0.0,9.803921699523926,3.529411768913269
2018-04-09 16:00:00,490.5066680908203,298.4499998728434,43.0,284.9400009155273,0.0,9.803921699523926,3.529411768913269
2018-04-09 16:30:00,486.34666442871094,298.15,29.666666666666668,284.9400009155273,0.0,9.803921699523926,3.529411768913269
2018-04-09 17:00:00,482.34666951497394,297.6999997138977,0.0,283.3499998092651,0.0,9.803921699523926,3.529411768913269
2018-04-09 17:30:00,476.87999725341797,297.2500003814697,0.0,281.8499998092651,0.0,9.803921699523926,3.529411768913269
2018-04-09 18:00:00,470.9866638183594,296.9499998728434,0.0,280.8499998092651,0.16666666666666666,9.803921699523926,3.529411768913269
2018-04-09 18:30:00,479.6160034179687,296.4499997138977,0.0,279.8499998092651,1.0,19.60784339904785,3.529411768913269
2018-04-09 19:00:00,478.0799987792969,296.65,0.0,279.8499998092651,1.0,19.60784339904785,3.529411768913269
2018-04-09 19:30:00,487.1999969482422,296.7500003814697,0.0,278.8499998092651,1.0,19.60784339904785,3.529411768913269
2018-04-09 20:00:00,481.81333923339844,296.35000012715653,0.0,277.8499998092651,1.0,19.60784339904785,3.529411768913269
2018-04-09 20:30:00,478.7200012207031,295.87499990463255,0.0,277.8499998092651,1.0,19.60784339904785,3.529411768913269
2018-04-09 21:00:00,475.90400390625,296.2249998092651,0.0,276.7500003814697,0.5666666666666667,19.60784339904785,3.529411768913269
2018-04-09 21:30:00,476.6933339436849,296.54999961853025,0.0,276.7500003814697,0.0,19.60784339904785,3.529411768913269
2018-04-09 22:00:00,457.65333557128906,296.70000019073484,0.0,276.7500003814697,0.0,0.0,3.529411768913269
2018-04-09 22:30:00,454.2720031738281,296.85000076293943,0.0,275.74999990463255,0.0,0.0,3.529411768913269
2018-04-09 23:00:00,452.99200439453125,296.85000076293943,0.0,276.2500001430511,0.0,0.0,3.529411768913269
2018-04-09 23:30:00,450.40000406901044,296.85000076293943,0.0,276.2500001430511,0.0,0.0,3.529411768913269
2018-04-10 00:00:00,449.8399963378906,296.85000076293943,0.0,276.2500001430511,0.0,0.0,3.529411768913269
2018-04-10 00:30:00,447.7333272298177,296.85000076293943,0.0,276.2500001430511,0.0,0.0,3.529411768913269
2018-04-10 01:00:00,445.6320007324219,296.85000076293943,0.0,276.2500001430511,0.0,0.0,3.529411768913269
2018-04-10 01:30:00,444.09599609375,296.7500003814697,0.0,276.2500001430511,0.0,0.0,3.529411768913269
2018-04-10 02:00:00,440.586669921875,296.7500003814697,0.0,276.2500001430511,0.0,0.0,3.529411768913269
2018-04-10 02:30:00,440.3840026855469,296.7500003814697,0.0,276.2500001430511,0.0,0.0,3.529411768913269
2018-04-10 03:00:00,437.4933369954427,296.7500003814697,0.0,276.2500001430511,0.0,0.0,3.529411768913269
2018-04-10 03:30:00,437.8666737874349,296.7500003814697,0.0,276.2500001430511,0.0,0.0,3.529411768913269
2018-04-10 04:00:00,435.45599975585935,296.7500003814697,0.0,276.2500001430511,0.0,0.0,3.529411768913269
2018-04-10 04:30:00,436.86400146484374,296.7500003814697,0.0,276.8499998092651,0.4,0.0,3.529411768913269
2018-04-10 05:00:00,455.4239990234375,296.54999961853025,0.0,277.8499998092651,1.3333333333333333,19.60784339904785,3.529411768913269
2018-04-10 05:30:00,470.7200012207031,296.45000019073484,0.0,277.4250000953674,1.0666666666666667,0.0,3.529411768913269
2018-04-10 06:00:00,452.5333302815755,296.65,35.666666666666664,277.4250000953674,1.0333333333333334,0.0,3.529411768913269
2018-04-10 06:30:00,473.08799438476564,296.7500003814697,52.333333333333336,278.95000019073484,0.6,0.0,3.529411768913269
2018-04-10 07:00:00,492.9066670735677,296.7500003814697,73.01333363850911,277.95000019073484,0.03333333333333333,0.0,3.529411768913269
2018-04-10 07:30:00,502.8799997965495,296.15,162.69332885742188,278.95000019073484,10.466666666666667,19.60784339904785,3.529411768913269
2018-04-10 08:00:00,653.4399922688802,295.87000007629393,201.70665995279947,280.45000019073484,34.2,53.46405029296875,3.529411768913269
2018-04-10 08:30:00,587.2914341517857,295.9499997138977,407.35999552408856,281.95000019073484,29.0,53.46405029296875,3.529411768913269
2018-04-10 09:00:00,718.5600077311198,296.30000057220457,355.0399983723958,281.95000019073484,21.066666666666666,57.647056579589844,3.529411768913269
2018-04-10 09:30:00,635.8933308919271,296.3499998092651,568.3200073242188,282.95000019073484,14.8,57.647056579589844,3.529411768913269
2018-04-10 10:00:00,724.1599934895834,296.71666660308836,424.4266662597656,282.95000019073484,35.93333333333333,70.19607543945312,3.529411768913269
2018-04-10 10:30:00,772.0533243815104,297.04999961853025,441.06667073567706,282.45000019073484,34.4,70.19607543945312,3.529411768913269
2018-04-10 11:00:00,732.1599934895834,297.04999961853025,432.10666910807294,282.45000019073484,38.233333333333334,70.19607543945312,3.529411768913269
2018-04-10 11:30:00,676.662859235491,297.04999961853025,546.0266723632812,282.45000019073484,34.3,45.09803771972656,3.529411768913269
2018-04-10 12:00:00,663.1039916992188,297.28333384195963,650.3999938964844,282.45000019073484,33.7,45.09803771972656,3.529411768913269
2018-04-10 12:30:00,713.2160034179688,297.15,469.066650390625,282.45000019073484,33.333333333333336,45.09803771972656,3.529411768913269
2018-04-10 13:00:00,671.4666646321615,297.15,405.65333048502606,282.45000019073484,31.166666666666668,45.09803771972656,3.529411768913269
2018-04-10 13:30:00,682.4960083007812,297.2500003814697,400.10666910807294,282.45000019073484,17.0,45.09803771972656,3.529411768913269
2018-04-10 14:00:00,540.7999979654948,297.48333269755045,351.3066711425781,282.45000019073484,2.966666666666667,45.09803771972656,3.529411768913269
2018-04-10 14:30:00,501.4933369954427,297.65,306.2933349609375,282.45000019073484,2.2333333333333334,19.60784339904785,3.529411768913269
2018-04-10 15:00:00,481.8666636149089,298.17000007629395,149.33333333333334,281.95000019073484,0.1,19.60784339904785,3.529411768913269
2018-04-10 15:30:00,466.8799987792969,299.0500000953674,186.66666666666666,281.95000019073484,0.0,0.0,3.529411768913269
2018-04-10 16:00:00,465.06667073567706,299.2500003814697,119.36000061035156,281.95000019073484,0.0,0.0,3.529411768913269
2018-04-10 16:30:00,470.78400268554685,299.15,48.0,281.95000019073484,0.0,0.0,3.529411768913269
2018-04-10 17:00:00,471.36000061035156,298.9999994277954,9.333333333333334,280.95000019073484,0.0,0.0,3.529411768913269
2018-04-10 17:30:00,470.18666585286456,298.7500003814697,9.333333333333334,279.8499998092651,0.0,0.0,3.529411768913269
2018-04-10 18:00:00,472.5119995117187,298.4,9.333333333333334,279.8499998092651,0.1,0.0,3.529411768913269
2018-04-10 18:30:00,472.0,297.6666667302449,9.333333333333334,278.8499998092651,0.0,19.60784339904785,3.529411768913269
2018-04-10 19:00:00,481.3333333333333,297.30000057220457,9.333333333333334,277.8499998092651,0.0,19.60784339904785,3.529411768913269
2018-04-10 19:30:00,477.56800537109376,296.9999994277954,9.333333333333334,277.8499998092651,0.0,19.60784339904785,3.529411768913269
2018-04-10 20:00:00,482.8159973144531,296.55000025431315,9.333333333333334,276.8499998092651,0.0,19.60784339904785,3.529411768913269
2018-04-10 20:30:00,479.51999918619794,296.30000057220457,9.333333333333334,276.8499998092651,0.0,19.60784339904785,3.529411768913269
2018-04-10 21:00:00,476.4800048828125,296.35000012715653,9.333333333333334,276.8499998092651,0.0,19.60784339904785,3.529411768913269
2018-04-10 21:30:00,477.5466715494792,296.35000012715653,9.333333333333334,276.8499998092651,0.0,19.60784339904785,3.529411768913269
2018-04-10 22:00:00,478.8800048828125,296.15,9.333333333333334,275.8499998092651,0.0,19.60784339904785,3.529411768913269
2018-04-10 22:30:00,478.18666585286456,296.2250002861023,9.333333333333334,275.8499998092651,0.06666666666666667,19.60784339904785,3.529411768913269
2018-04-10 23:00:00,479.5733337402344,296.35000076293943,9.333333333333334,275.8499998092651,0.36666666666666664,19.60784339904785,3.529411768913269
2018-04-10 23:30:00,466.11200561523435,296.4999994277954,9.333333333333334,274.8499998092651,0.0,0.0,3.529411768913269
2018-04-11 00:00:00,455.2000020345052,296.70000019073484,9.333333333333334,274.8499998092651,0.0,0.0,3.529411768913269
2018-04-11 00:30:00,452.03199462890626,296.70000019073484,9.333333333333334,274.8499998092651,0.0,0.0,3.529411768913269
2018-04-11 01:00:00,448.64000244140624,296.70000019073484,9.333333333333334,274.8499998092651,0.0,0.0,3.529411768913269
2018-04-11 01:30:00,448.25599975585936,296.70000019073484,9.333333333333334,274.8499998092651,0.0,0.0,3.529411768913269
2018-04-11 02:00:00,447.0933380126953,296.70000019073484,9.333333333333334,273.65,0.0,0.0,3.529411768913269
2018-04-11 02:30:00,450.5066630045573,296.70000019073484,9.333333333333334,273.65,0.0,0.0,3.529411768913269
2018-04-11 03:00:00,458.752001953125,296.5999998092651,9.333333333333334,273.65,0.0,0.0,3.529411768913269
2018-04-11 03:30:00,464.69333902994794,296.65,9.333333333333334,273.65,0.0,0.0,3.529411768913269
2018-04-11 04:00:00,447.0400024414063,296.65,9.333333333333334,274.31666666666666,0.0,0.0,3.529411768913269
2018-04-11 04:30:00,450.6666717529297,296.65,9.333333333333334,274.31666666666666,0.0,0.0,3.529411768913269
2018-04-11 05:00:00,452.3733317057292,296.65,22.5,274.31666666666666,0.4,0.0,3.529411768913269
2018-04-11 05:30:00,480.5333302815755,296.15,69.0,275.65,1.6,19.60784339904785,3.529411768913269
2018-04-11 06:00:00,462.46400146484376,295.4100002288818,123.52000045776367,276.65,2.066666666666667,19.60784339904785,3.529411768913269
2018-04-11 06:30:00,529.3866678873698,295.7500003814697,190.34666442871094,277.65,2.0,19.60784339904785,3.529411768913269
2018-04-11 07:00:00,520.2559875488281,295.70000019073484,265.3333384195964,278.65,2.1,19.60784339904785,3.529411768913269
2018-04-11 07:30:00,573.6320068359375,295.5999998092651,332.3199971516927,278.65,2.1333333333333333,45.09803771972656,3.529411768913269
2018-04-11 08:00:00,554.9866536458334,295.11666653951005,426.4533284505208,279.65,6.933333333333334,45.09803771972656,3.529411768913269
2018-04-11 08:30:00,551.3600056966146,295.15,504.7466532389323,280.65,10.633333333333333,45.09803771972656,3.529411768913269
2018-04-11 09:00:00,540.3733317057291,294.99999990463255,583.0399780273438,280.65,10.7,45.09803771972656,3.529411768913269
2018-04-11 09:30:00,556.1600036621094,295.2166669209798,614.0800170898438,281.65,12.666666666666666,45.09803771972656,3.529411768913269
2018-04-11 10:00:00,711.0399881998698,295.5500000953674,622.3999837239584,281.65,38.0,70.19607543945312,3.529411768913269
2018-04-11 10:30:00,788.7999979654948,295.9166664123535,637.3333333333334,281.65,39.13333333333333,70.19607543945312,3.529411768913269
2018-04-11 11:00:00,770.7428588867188,296.429999923706,625.1199951171875,281.65,39.4,70.19607543945312,3.529411768913269
2018-04-11 11:30:00,760.5760009765625,296.65,749.5466715494791,281.65,38.733333333333334,70.19607543945312,3.529411768913269
2018-04-11 12:00:00,608.3840087890625,296.7500003814697,777.5999959309896,281.65,4.666666666666667,45.09803771972656,3.529411768913269
2018-04-11 12:30:00,510.3999989827474,296.80000057220457,596.3733317057291,281.65,4.033333333333333,19.60784339904785,3.529411768913269
2018-04-11 13:00:00,495.51999918619794,296.7500003814697,532.6933186848959,282.65,4.0,0.0,3.529411768913269
2018-04-11 13:30:00,510.0799987792969,296.9499998728434,463.35999552408856,282.65,4.066666666666666,0.0,3.529411768913269
2018-04-11 14:00:00,524.2133382161459,297.2500003814697,428.26666259765625,282.65,4.0,0.0,3.529411768913269
2018-04-11 14:30:00,518.1866658528646,297.04999961853025,340.05333455403644,282.65,4.0,0.0,3.529411768913269
2018-04-11 15:00:00,507.1999969482422,297.20000019073484,267.36000061035156,282.65,3.6666666666666665,0.0,3.529411768913269
2018-04-11 15:30:00,502.78400268554685,297.35000076293943,213.04000091552734,281.65,3.0,0.0,3.529411768913269
2018-04-11 16:00:00,496.1599985758464,297.8499998092651,138.34666442871094,281.65,3.0,0.0,3.529411768913269
2018-04-11 16:30:00,484.63999938964844,298.35000012715653,75.01333363850911,280.65,3.0,0.0,3.529411768913269
2018-04-11 17:00:00,482.8799997965495,298.5999998092651,26.0,279.65,3.0,0.0,3.529411768913269
2018-04-11 17:30:00,480.6400085449219,298.54999961853025,0.0,278.65,3.0,0.0,3.529411768913269
2018-04-11 18:00:00,479.29600219726564,298.4,0.0,277.7500000635783,3.0,0.0,3.529411768913269
2018-04-11 18:30:00,479.42400512695315,297.8333333969116,0.0,276.3499998092651,3.7,19.60784339904785,3.529411768913269
2018-04-11 19:00:00,486.91200561523436,297.15,0.0,276.3499998092651,3.933333333333333,19.60784339904785,3.529411768913269
2018-04-11 19:30:00,497.84000396728516,296.9499998728434,0.0,276.3499998092651,1.9666666666666666,19.60784339904785,3.529411768913269
2018-04-11 20:00:00,498.30400390625,296.9499992370605,0.0,276.3499998092651,2.0,19.60784339904785,3.529411768913269
2018-04-11 20:30:00,495.8400014241536,296.85000076293943,0.0,275.24999990463255,2.0,19.60784339904785,3.529411768913269
2018-04-11 21:00:00,502.5920043945313,296.7500003814697,0.0,275.24999990463255,1.3333333333333333,19.60784339904785,3.529411768913269
2018-04-11 21:30:00,489.3333282470703,296.6833334604899,0.0,275.24999990463255,0.0,19.60784339904785,3.529411768913269
2018-04-11 22:00:00,465.06667073567706,296.80000057220457,0.0,275.24999990463255,0.0,0.0,3.529411768913269
2018-04-11 22:30:00,459.3920043945312,296.80000057220457,0.0,275.24999990463255,0.0,0.0,3.529411768913269
2018-04-11 23:00:00,456.9066670735677,296.80000057220457,0.0,275.24999990463255,0.0,0.0,3.529411768913269
2018-04-11 23:30:00,447.5999984741211,296.7500003814697,0.0,275.24999990463255,0.0,0.0,3.529411768913269
2018-04-12 00:00:00,450.8799987792969,296.7500003814697,0.0,275.24999990463255,0.9333333333333333,0.0,3.529411768913269
2018-04-12 00:30:00,450.826665242513,296.7500003814697,0.0,274.24999990463255,1.0,0.0,3.529411768913269
2018-04-12 01:00:00,445.36000061035156,296.65,0.0,274.24999990463255,1.0,0.0,3.529411768913269
2018-04-12 01:30:00,445.173334757487,296.65,0.0,274.24999990463255,1.0,0.0,3.529411768913269
2018-04-12 02:00:00,442.7200063069661,296.65,0.0,274.24999990463255,1.0,0.0,3.529411768913269
2018-04-12 02:30:00,444.2240051269531,296.54999961853025,0.0,274.24999990463255,1.0,0.0,3.529411768913269
2018-04-12 03:00:00,439.0399983723958,296.54999961853025,0.0,274.24999990463255,1.0,0.0,3.529411768913269
2018-04-12 03:30:00,441.66400146484375,296.54999961853025,0.0,274.24999990463255,1.0,0.0,3.529411768913269
2018-04-12 04:00:00,445.65333557128906,296.54999961853025,0.0,275.24999990463255,1.0,0.0,3.529411768913269
2018-04-12 04:30:00,443.52000427246094,296.54999961853025,0.0,275.24999990463255,1.0,0.0,3.529411768913269
2018-04-12 05:00:00,448.9600016276042,296.54999961853025,0.0,275.24999990463255,1.4,19.60784339904785,3.529411768913269
2018-04-12 05:30:00,468.26666768391925,296.4,0.0,275.8357143810817,2.7333333333333334,19.60784339904785,3.529411768913269
2018-04-12 06:00:00,490.56000264485675,296.04999961853025,25.0,276.7500003814697,18.666666666666668,19.60784339904785,3.529411768913269
2018-04-12 06:30:00,714.2400131225586,296.20000019073484,121.66666666666667,277.2500003814697,31.0,57.647056579589844,3.529411768913269
2018-04-12 07:00:00,636.000010172526,295.95000019073484,162.66666666666666,278.2500003814697,30.233333333333334,45.09803771972656,3.529411768913269
2018-04-12 07:30:00,615.7333475748698,295.82500019073484,332.64000447591144,279.2500003814697,24.6,45.09803771972656,3.529411768913269
2018-04-12 08:00:00,602.4533284505209,295.9499997138977,389.44000244140625,280.2500003814697,0.2,45.09803771972656,3.529411768913269
2018-04-12 08:30:00,503.8400014241536,295.6833334604899,478.7200012207031,281.7500003814697,0.0,0.0,3.529411768913269
2018-04-12 09:00:00,516.8000030517578,295.9499992370605,529.066650390625,281.7500003814697,0.03333333333333333,0.0,3.529411768913269
2018-04-12 09:30:00,537.8133239746094,296.0999998092651,545.7066853841146,283.2500003814697,3.8666666666666667,19.60784339904785,3.529411768913269
2018-04-12 10:00:00,622.4533386230469,296.30000057220457,571.9466552734375,284.2500003814697,19.566666666666666,45.09803771972656,3.529411768913269
2018-04-12 10:30:00,668.2666727701823,296.08999977111813,538.4533284505209,285.2500003814697,21.7,45.09803771972656,3.529411768913269
2018-04-12 11:00:00,650.9866841634115,296.35000012715653,502.6133321126302,284.2500003814697,21.733333333333334,45.09803771972656,3.529411768913269
2018-04-12 11:30:00,630.5920043945313,296.2500003814697,641.0666707356771,284.2500003814697,21.833333333333332,45.09803771972656,3.529411768913269
2018-04-12 12:00:00,608.3733215332031,296.5099998474121,366.7200012207031,284.2500003814697,9.5,45.09803771972656,3.529411768913269
2018-04-12 12:30:00,519.8399963378906,296.9,497.38665771484375,284.2500003814697,0.7666666666666667,19.60784339904785,3.529411768913269
2018-04-12 13:00:00,481.22666931152344,297.15,476.6933288574219,284.2500003814697,0.0,0.0,3.529411768913269
2018-04-12 13:30:00,477.247998046875,297.4,293.3333282470703,284.2500003814697,0.06666666666666667,0.0,3.529411768913269
2018-04-12 14:00:00,475.07200317382814,297.85000012715653,375.7333272298177,284.2500003814697,0.0,0.0,3.529411768913269
2018-04-12 14:30:00,468.2133331298828,298.35000012715653,293.3333333333333,284.2500003814697,0.03333333333333333,0.0,3.529411768913269
2018-04-12 15:00:00,469.38666280110675,298.7250002861023,141.706662495931,284.2500003814697,0.0,0.0,3.529411768913269
2018-04-12 15:30:00,474.34666951497394,298.2500003814697,80.34666697184245,283.2500003814697,0.0,0.0,3.529411768913269
2018-04-12 16:00:00,472.4480041503906,298.04999961853025,67.01333363850911,282.2500003814697,0.0,0.0,3.529411768913269
2018-04-12 16:30:00,476.05332946777344,297.9,20.666666666666668,282.2500003814697,0.0,0.0,3.529411768913269
2018-04-12 17:00:00,475.8399963378906,297.65,0.0,281.15,0.0,0.0,3.529411768913269
2018-04-12 17:30:00,479.36000366210936,297.4,0.0,280.04999961853025,0.0,0.0,3.529411768913269
2018-04-12 18:00:00,478.5279968261719,297.2500003814697,0.0,278.95000019073484,0.0,0.0,3.529411768913269
2018-04-12 18:30:00,480.85333760579425,297.0999998092651,0.0,278.95000019073484,0.0,0.0,3.529411768913269
2018-04-12 19:00:00,477.88800048828125,297.0999998092651,0.0,278.95000019073484,0.0,0.0,3.529411768913269
2018-04-12 19:30:00,478.5066731770833,296.629999923706,0.0,277.8499998092651,0.6333333333333333,19.60784339904785,3.529411768913269
2018-04-12 20:00:00,481.65333048502606,296.04999961853025,0.0,277.8499998092651,1.0,19.60784339904785,3.529411768913269
2018-04-12 20:30:00,479.1039978027344,295.80000057220457,0.0,277.8499998092651,1.0,19.60784339904785,3.529411768913269
2018-04-12 21:00:00,478.18666585286456,295.85000076293943,0.0,277.8499998092651,0.4,19.60784339904785,3.529411768913269
2018-04-12 21:30:00,476.1599985758464,295.9999994277954,0.0,277.8499998092651,0.0,19.60784339904785,3.529411768913269
2018-04-12 22:00:00,482.1760009765625,295.95000019073484,0.0,277.8499998092651,0.6333333333333333,19.60784339904785,3.529411768913269
2018-04-12 22:30:00,475.36000061035156,296.04999961853025,0.0,277.8499998092651,0.6,19.60784339904785,3.529411768913269
2018-04-12 23:00:00,476.9600016276042,295.9499992370605,0.0,277.8499998092651,0.0,19.60784339904785,3.529411768913269
2018-04-12 23:30:00,481.0239990234375,295.9499992370605,0.0,278.8499998092651,0.0,19.60784339904785,3.529411768913269
2018-04-13 00:00:00,479.8400014241536,296.0999998092651,0.0,278.8499998092651,0.3333333333333333,19.60784339904785,3.529411768913269
2018-04-13 00:30:00,461.8666687011719,296.30000057220457,0.0,278.8499998092651,0.0,19.60784339904785,3.529411768913269
2018-04-13 01:00:00,446.91199951171876,296.4499992370605,0.0,278.8499998092651,0.0,0.0,3.529411768913269
2018-04-13 01:30:00,446.56000264485675,296.4499992370605,0.0,277.8499998092651,0.0,0.0,3.529411768913269
2018-04-13 02:00:00,442.4533335367839,296.4499992370605,0.0,277.8499998092651,0.0,0.0,3.529411768913269
2018-04-13 02:30:00,441.9199951171875,296.4499992370605,0.0,277.8499998092651,0.0,0.0,3.529411768913269
2018-04-13 03:00:00,450.98667399088544,296.35000076293943,0.0,277.8499998092651,0.0,0.0,3.529411768913269
2018-04-13 03:30:00,448.48000081380206,296.35000076293943,0.0,277.8499998092651,0.0,0.0,3.529411768913269
2018-04-13 04:00:00,444.41599731445314,296.11666653951005,0.0,278.95000019073484,0.5666666666666667,19.60784339904785,3.529411768913269
2018-04-13 04:30:00,452.3733317057292,296.11666653951005,0.0,278.95000019073484,1.0,19.60784339904785,3.529411768913269
2018-04-13 05:00:00,457.8559997558594,296.11666653951005,0.0,278.95000019073484,0.9666666666666667,19.60784339904785,3.529411768913269
2018-04-13 05:30:00,477.4933369954427,295.9833333333333,22.5,278.95000019073484,1.5333333333333334,19.60784339904785,3.529411768913269
2018-04-13 06:00:00,518.719992501395,296.1833334604899,67.5,279.95000019073484,14.0,45.09803771972656,3.529411768913269
2018-04-13 06:30:00,648.7999877929688,296.3499998092651,76.68000030517578,279.95000019073484,17.866666666666667,45.09803771972656,3.529411768913269
2018-04-13 07:00:00,640.7679931640625,296.0833330790202,126.98666890462239,280.95000019073484,14.966666666666667,45.09803771972656,3.529411768913269
2018-04-13 07:30:00,650.6133422851562,296.0999998092651,222.34666951497397,282.45000019073484,17.3,45.09803771972656,3.529411768913269
2018-04-13 08:00:00,601.8666687011719,296.4166670481364,370.34666951497394,283.95000019073484,1.0666666666666667,45.09803771972656,3.529411768913269
2018-04-13 08:30:00,505.06666056315106,296.4999994277954,418.6666564941406,285.04999961853025,1.0,0.0,3.529411768913269
2018-04-13 09:00:00,530.0799865722656,296.7500003814697,381.4399871826172,285.04999961853025,0.6666666666666666,0.0,3.529411768913269
2018-04-13 09:30:00,527.0399983723959,296.3499998092651,196.37333170572916,284.04999961853025,2.6,19.60784339904785,3.529411768913269
2018-04-13 10:00:00,596.1066589355469,296.02999992370604,110.35999806722005,284.04999961853025,20.466666666666665,45.09803771972656,3.529411768913269
2018-04-13 10:30:00,677.3760009765625,296.0999998092651,155.36000061035156,284.04999961853025,19.766666666666666,45.09803771972656,3.529411768913269
2018-04-13 11:00:00,685.2266642252604,296.3500002861023,110.33333333333333,284.04999961853025,23.5,45.09803771972656,3.529411768913269
2018-04-13 11:30:00,643.8399963378906,296.00999946594237,191.0399932861328,285.04999961853025,18.433333333333334,45.09803771972656,3.529411768913269
2018-04-13 12:00:00,598.0266621907552,296.15,384.9599914550781,285.04999961853025,0.6,45.09803771972656,3.529411768913269
2018-04-13 12:30:00,492.2133382161458,295.8333330790202,325.7066650390625,284.04999961853025,0.03333333333333333,9.803921699523926,3.529411768913269
2018-04-13 13:00:00,481.8666687011719,296.28333320617674,321.65333048502606,284.04999961853025,0.0,9.803921699523926,3.529411768913269
2018-04-13 13:30:00,480.2133280436198,296.9,394.6666666666667,284.04999961853025,0.0,9.803921699523926,3.529411768913269
2018-04-13 14:00:00,477.7066701253255,296.85000012715653,360.7466634114583,284.04999961853025,0.0,9.803921699523926,3.529411768913269
2018-04-13 14:30:00,479.2000045776367,296.85000012715653,211.35999552408853,284.04999961853025,0.0,9.803921699523926,3.529411768913269
2018-04-13 15:00:00,487.0400024414063,297.2500003814697,112.04000091552734,284.04999961853025,0.0,9.803921699523926,3.529411768913269
2018-04-13 15:30:00,492.41599731445314,296.9833333333333,82.0,284.04999961853025,0.0,9.803921699523926,3.529411768913269
2018-04-13 16:00:00,489.4080017089844,296.70000019073484,20.0,283.04999961853025,0.0,9.803921699523926,3.529411768913269
2018-04-13 16:30:00,487.5999984741211,296.78333384195963,0.0,282.04999961853025,0.26666666666666666,9.803921699523926,3.529411768913269
2018-04-13 17:00:00,482.0800018310547,296.4333334604899,0.0,282.04999961853025,1.0,19.60784339904785,3.529411768913269
2018-04-13 17:30:00,487.14666748046875,296.5166661580403,0.0,282.04999961853025,1.0,19.60784339904785,3.529411768913269
2018-04-13 18:00:00,483.2639953613281,296.5166661580403,0.0,282.04999961853025,1.0,19.60784339904785,3.529411768913269
2018-04-13 18:30:00,486.0266621907552,296.3499998092651,0.0,281.04999961853025,0.3,19.60784339904785,3.529411768913269
2018-04-13 19:00:00,479.0399963378906,296.27500047683714,0.0,281.04999961853025,0.9333333333333333,19.60784339904785,3.529411768913269
2018-04-13 19:30:00,483.51999918619794,295.95000019073484,0.0,281.04999961853025,0.9,19.60784339904785,3.529411768913269
2018-04-13 20:00:00,479.6800028483073,295.88333295186357,0.0,282.04999961853025,0.16666666666666666,19.60784339904785,3.529411768913269
2018-04-13 20:30:00,479.35999552408856,296.0999998092651,0.0,280.95000019073484,1.0,19.60784339904785,3.529411768913269
2018-04-13 21:00:00,482.82667032877606,295.9166664123535,0.0,280.95000019073484,0.8333333333333334,19.60784339904785,3.529411768913269
2018-04-13 21:30:00,482.7999954223633,295.9,0.0,280.95000019073484,0.0,19.60784339904785,3.529411768913269
